<keymap version="1" name="NetBeans copy" parent="NetBeans 6.5">
  <action id="$LRU">
    <keyboard-shortcut first-keystroke="alt r" />
  </action>
  <action id="ActivateEndpointsToolWindow">
    <keyboard-shortcut first-keystroke="alt e" />
  </action>
  <action id="ActivateTerminalToolWindow">
    <keyboard-shortcut first-keystroke="alt f12" />
    <keyboard-shortcut first-keystroke="ctrl f2" />
  </action>
  <action id="Annotate">
    <keyboard-shortcut first-keystroke="alt b" />
  </action>
  <action id="CheckinFiles">
    <keyboard-shortcut first-keystroke="ctrl alt c" />
  </action>
  <action id="CloseAllEditorsButActive">
    <keyboard-shortcut first-keystroke="shift ctrl alt w" />
  </action>
  <action id="DumpLookupElementWeights" />
  <action id="Editor LRU">
    <keyboard-shortcut first-keystroke="alt r" />
  </action>
  <action id="InsertInlineCompletionWordAction">
    <keyboard-shortcut first-keystroke="ctrl tab" />
  </action>
  <action id="SelectInProjectView">
    <keyboard-shortcut first-keystroke="shift ctrl alt 1" />
  </action>
  <action id="UpdateRunningApplication" />
  <action id="android.deploy.ApplyChanges">
    <keyboard-shortcut first-keystroke="ctrl f10" />
  </action>
  <action id="android.deploy.CodeSwap">
    <keyboard-shortcut first-keystroke="ctrl alt f10" />
  </action>
</keymap>